Model,R2_Score,Accuracy
Linear Regression,0.9493887768195237,
Random Forest,0.9885174904162022,
XGBoost,0.999183083718105,0.9875131112332052
