Model,R2_Score,Accuracy
Linear Regression,0.944714070862518,
Random Forest,0.9642092414052422,
XGBoost,0.9986399948896321,0.9757254882373508
