Model,R2_Score,Accuracy
Linear Regression,0.9703027958581637,
Random Forest,0.986313427663179,
XGBoost,0.9967400557532045,0.9649333333333333
